Date,Count,HiLimit,LoLimit
1/1/2012,15,30,5
1/2/2012,0,30,5
1/3/2012,0,30,5
1/4/2012,0,30,5
1/5/2012,0,30,5
1/6/2012,0,30,5
1/7/2012,0,30,5
1/8/2012,0,30,5
1/9/2012,0,30,5
1/10/2012,0,30,5
1/11/2012,0,30,5
1/12/2012,0,30,5
1/13/2012,0,30,5
1/14/2012,0,30,5
1/15/2012,0,30,5
1/16/2012,0,30,5
1/17/2012,0,30,5
1/18/2012,0,30,5
1/19/2012,0,30,5
1/20/2012,0,30,5
1/21/2012,0,30,5
1/22/2012,0,30,5
1/23/2012,0,30,5
1/24/2012,0,30,5
1/25/2012,0,30,5
1/26/2012,0,30,5
1/27/2012,0,30,5
1/28/2012,0,30,5
1/29/2012,0,30,5
1/30/2012,0,30,5
1/31/2012,0,30,5
2/1/2012,0,30,5
2/2/2012,0,30,5
2/3/2012,0,30,5
2/4/2012,0,30,5
2/5/2012,0,30,5
2/6/2012,0,30,5
2/7/2012,0,30,5
2/8/2012,0,30,5
2/9/2012,0,30,5
2/10/2012,0,30,5
2/11/2012,0,30,5
2/12/2012,0,30,5
2/13/2012,0,30,5
2/14/2012,0,30,5
2/15/2012,0,30,5
2/16/2012,0,30,5
2/17/2012,0,30,5
2/18/2012,0,30,5
2/19/2012,0,30,5
2/20/2012,1,30,5
2/21/2012,4,30,5
2/22/2012,0,30,5
2/23/2012,1,30,5
2/24/2012,0,30,5
2/25/2012,0,30,5
2/26/2012,0,30,5
2/27/2012,2,30,5
2/28/2012,1,30,5
2/29/2012,0,30,5
3/1/2012,0,30,5
3/2/2012,0,30,5
3/3/2012,0,30,5
3/4/2012,0,30,5
3/5/2012,0,30,5
3/6/2012,3,30,5
3/7/2012,2,30,5
3/8/2012,0,30,5
3/9/2012,1,30,5
3/10/2012,0,30,5
3/11/2012,0,30,5
3/12/2012,0,30,5
3/13/2012,0,30,5
3/14/2012,0,30,5
3/15/2012,0,30,5
3/16/2012,0,30,5
3/17/2012,0,30,5
3/18/2012,0,30,5
3/19/2012,0,30,5
3/20/2012,2,30,5
3/21/2012,0,30,5
3/22/2012,1,30,5
3/23/2012,0,30,5
3/24/2012,0,30,5
3/25/2012,0,30,5
3/26/2012,0,30,5
3/27/2012,0,30,5
3/28/2012,0,30,5
3/29/2012,0,30,5
3/30/2012,0,30,5
3/31/2012,0,30,5
4/1/2012,0,30,5
4/2/2012,0,30,5
4/3/2012,0,30,5
4/4/2012,0,30,5
4/5/2012,0,30,5
4/6/2012,0,30,5
4/7/2012,0,30,5
4/8/2012,0,30,5
4/9/2012,0,30,5
4/10/2012,0,30,5
4/11/2012,0,30,5
4/12/2012,0,30,5
4/13/2012,0,30,5
4/14/2012,0,30,5
4/15/2012,0,30,5
4/16/2012,0,30,5
4/17/2012,0,30,5
4/18/2012,0,30,5
4/19/2012,2,30,5
4/20/2012,2,30,5
4/21/2012,1,30,5
4/22/2012,1,30,5
4/23/2012,2,30,5
4/24/2012,0,30,5
4/25/2012,2,30,5
4/26/2012,4,30,5
4/27/2012,1,30,5
4/28/2012,3,30,5
4/29/2012,0,30,5
4/30/2012,1,30,5
5/1/2012,1,30,5
5/2/2012,0,30,5
5/3/2012,0,30,5
5/4/2012,0,30,5
5/5/2012,0,30,5
5/6/2012,0,30,5
5/7/2012,1,30,5
5/8/2012,0,30,5
5/9/2012,2,30,5
5/10/2012,0,30,5
5/11/2012,0,30,5
5/12/2012,0,30,5
5/13/2012,1,30,5
5/14/2012,0,30,5
5/15/2012,0,30,5
5/16/2012,0,30,5
5/17/2012,0,30,5
5/18/2012,0,30,5
5/19/2012,0,30,5
5/20/2012,0,30,5
5/21/2012,0,30,5
5/22/2012,0,30,5
5/23/2012,0,30,5
5/24/2012,0,30,5
5/25/2012,0,30,5
5/26/2012,0,30,5
5/27/2012,0,30,5
5/28/2012,2,30,5
5/29/2012,0,30,5
5/30/2012,0,30,5
5/31/2012,0,30,5
6/1/2012,0,30,5
6/2/2012,0,30,5
6/3/2012,0,30,5
6/4/2012,0,30,5
6/5/2012,0,30,5
6/6/2012,0,30,5
6/7/2012,0,30,5
6/8/2012,0,30,5
6/9/2012,0,30,5
6/10/2012,0,30,5
6/11/2012,0,30,5
6/12/2012,0,30,5
6/13/2012,0,30,5
6/14/2012,2,30,5
6/15/2012,0,30,5
6/16/2012,0,30,5
6/17/2012,0,30,5
6/18/2012,0,30,5
6/19/2012,1,30,5
6/20/2012,0,30,5
6/21/2012,0,30,5
6/22/2012,0,30,5
6/23/2012,0,30,5
6/24/2012,0,30,5
6/25/2012,2,30,5
6/26/2012,0,30,5
6/27/2012,0,30,5
6/28/2012,0,30,5
6/29/2012,0,30,5
6/30/2012,0,30,5
7/1/2012,0,30,5
7/2/2012,0,30,5
7/3/2012,0,30,5
7/4/2012,1,30,5
7/5/2012,0,30,5
7/6/2012,0,30,5
7/7/2012,0,30,5
7/8/2012,0,30,5
7/9/2012,0,30,5
7/10/2012,1,30,5
7/11/2012,0,30,5
7/12/2012,0,30,5
7/13/2012,0,30,5
7/14/2012,0,30,5
7/15/2012,0,30,5
7/16/2012,0,30,5
7/17/2012,0,30,5
7/18/2012,1,30,5
7/19/2012,0,30,5
7/20/2012,1,30,5
7/21/2012,0,30,5
7/22/2012,6,30,5
7/23/2012,1,30,5
7/24/2012,1,30,5
7/25/2012,3,30,5
7/26/2012,0,30,5
7/27/2012,0,30,5
7/28/2012,3,30,5
7/29/2012,1,30,5
7/30/2012,0,30,5
7/31/2012,2,30,5
8/1/2012,3,30,5
8/2/2012,2,30,5
8/3/2012,0,30,5
8/4/2012,1,30,5
8/5/2012,0,30,5
8/6/2012,0,30,5
8/7/2012,3,30,5
8/8/2012,0,30,5
8/9/2012,2,30,5
8/10/2012,0,30,5
8/11/2012,0,30,5
8/12/2012,0,30,5
8/13/2012,1,30,5
8/14/2012,0,30,5
8/15/2012,1,30,5
8/16/2012,0,30,5
8/17/2012,0,30,5
8/18/2012,0,30,5
8/19/2012,0,30,5
8/20/2012,0,30,5
8/21/2012,0,30,5
8/22/2012,0,30,5
8/23/2012,2,30,5
8/24/2012,0,30,5
8/25/2012,2,30,5
8/26/2012,3,30,5
8/27/2012,5,30,5
8/28/2012,2,30,5
8/29/2012,0,30,5
8/30/2012,0,30,5
8/31/2012,0,30,5
9/1/2012,1,30,5
9/2/2012,0,30,5
9/3/2012,3,30,5
9/4/2012,3,30,5
9/5/2012,2,30,5
9/6/2012,2,30,5
9/7/2012,0,30,5
9/8/2012,2,30,5
9/9/2012,0,30,5
9/10/2012,0,30,5
9/11/2012,2,30,5
9/12/2012,0,30,5
9/13/2012,1,30,5
9/14/2012,1,30,5
9/15/2012,0,30,5
9/16/2012,1,30,5
9/17/2012,1,30,5
9/18/2012,4,30,5
9/19/2012,0,30,5
9/20/2012,0,30,5
9/21/2012,2,30,5
9/22/2012,0,30,5
9/23/2012,1,30,5
9/24/2012,0,30,5
9/25/2012,2,30,5
9/26/2012,0,30,5
9/27/2012,3,30,5
9/28/2012,2,30,5
9/29/2012,0,30,5
9/30/2012,0,30,5
10/1/2012,1,30,5
10/2/2012,0,30,5
10/3/2012,1,30,5
10/4/2012,1,30,5
10/5/2012,0,30,5
10/6/2012,2,30,5
10/7/2012,1,30,5
10/8/2012,0,30,5
10/9/2012,0,30,5
10/10/2012,0,30,5
10/11/2012,2,30,5
10/12/2012,2,30,5
10/13/2012,0,30,5
10/14/2012,2,30,5
10/15/2012,0,30,5
10/16/2012,0,30,5
10/17/2012,0,30,5
10/18/2012,2,30,5
10/19/2012,0,30,5
10/20/2012,1,30,5
10/21/2012,0,30,5
10/22/2012,1,30,5
10/23/2012,1,30,5
10/24/2012,1,30,5
10/25/2012,4,30,5
10/26/2012,0,30,5
10/27/2012,1,30,5
10/28/2012,1,30,5
10/29/2012,1,30,5
10/30/2012,0,30,5
10/31/2012,0,30,5
11/1/2012,1,30,5
11/2/2012,0,30,5
11/3/2012,0,30,5
11/4/2012,0,30,5
11/5/2012,2,30,5
11/6/2012,0,30,5
11/7/2012,2,30,5
11/8/2012,1,30,5
11/9/2012,1,30,5
11/10/2012,2,30,5
11/11/2012,0,30,5
11/12/2012,0,30,5
11/13/2012,0,30,5
11/14/2012,0,30,5
11/15/2012,4,30,5
11/16/2012,1,30,5
11/17/2012,2,30,5
11/18/2012,0,30,5
11/19/2012,1,30,5
11/20/2012,0,30,5
11/21/2012,0,30,5
11/22/2012,2,30,5
11/23/2012,2,30,5
11/24/2012,0,30,5
11/25/2012,1,30,5
11/26/2012,0,30,5
11/27/2012,1,30,5
11/28/2012,3,30,5
11/29/2012,2,30,5
11/30/2012,0,30,5
12/1/2012,0,30,5
12/2/2012,3,30,5
12/3/2012,2,30,5
12/4/2012,1,30,5
12/5/2012,1,30,5
12/6/2012,1,30,5
12/7/2012,0,30,5
12/8/2012,2,30,5
12/9/2012,0,30,5
12/10/2012,0,30,5
12/11/2012,0,30,5
12/12/2012,1,30,5
12/13/2012,0,30,5
12/14/2012,1,30,5
12/15/2012,2,30,5
12/16/2012,0,30,5
12/17/2012,1,30,5
12/18/2012,0,30,5
12/19/2012,0,30,5
12/20/2012,0,30,5
12/21/2012,0,30,5
12/22/2012,2,30,5
12/23/2012,2,30,5
12/24/2012,2,30,5
12/25/2012,0,30,5
12/26/2012,0,30,5
12/27/2012,0,30,5
12/28/2012,1,30,5
12/29/2012,0,30,5
12/30/2012,1,30,5
12/31/2012,0,30,5
1/1/2013,2,30,5
1/2/2013,0,30,5
1/3/2013,1,30,5
1/4/2013,0,30,5
1/5/2013,0,30,5
1/6/2013,0,30,5
1/7/2013,1,30,5
1/8/2013,3,30,5
1/9/2013,4,30,5
1/10/2013,4,30,5
1/11/2013,0,30,5
1/12/2013,2,30,5
1/13/2013,1,30,5
1/14/2013,1,30,5
1/15/2013,1,30,5
1/16/2013,3,30,5
1/17/2013,2,30,5
1/18/2013,0,30,5
1/19/2013,2,30,5
1/20/2013,0,30,5
1/21/2013,4,30,5
1/22/2013,4,30,5
1/23/2013,3,30,5
1/24/2013,0,30,5
1/25/2013,1,30,5
1/26/2013,4,30,5
1/27/2013,4,30,5
1/28/2013,5,30,5
1/29/2013,2,30,5
1/30/2013,4,30,5
1/31/2013,1,30,5
2/1/2013,3,30,5
2/2/2013,0,30,5
2/3/2013,0,30,5
2/4/2013,2,30,5
2/5/2013,1,30,5
2/6/2013,0,30,5
2/7/2013,0,30,5
2/8/2013,0,30,5
2/9/2013,0,30,5
2/10/2013,3,30,5
2/11/2013,2,30,5
2/12/2013,0,30,5
2/13/2013,3,30,5
2/14/2013,0,30,5
2/15/2013,0,30,5
2/16/2013,0,30,5
2/17/2013,0,30,5
2/18/2013,1,30,5
2/19/2013,0,30,5
2/20/2013,2,30,5
2/21/2013,4,30,5
2/22/2013,1,30,5
2/23/2013,2,30,5
2/24/2013,2,30,5
2/25/2013,10,30,5
2/26/2013,2,30,5
2/27/2013,4,30,5
2/28/2013,5,30,5
3/1/2013,2,30,5
3/2/2013,1,30,5
3/3/2013,5,30,5
3/4/2013,4,30,5
3/5/2013,0,30,5
3/6/2013,1,30,5
3/7/2013,4,30,5
3/8/2013,1,30,5
3/9/2013,2,30,5
3/10/2013,0,30,5
3/11/2013,2,30,5
3/12/2013,2,30,5
3/13/2013,6,30,5
3/14/2013,3,30,5
3/15/2013,2,30,5
3/16/2013,3,30,5
3/17/2013,1,30,5
3/18/2013,5,30,5
3/19/2013,2,30,5
3/20/2013,3,30,5
3/21/2013,1,30,5
3/22/2013,3,30,5
3/23/2013,1,30,5
3/24/2013,0,30,5
3/25/2013,2,30,5
3/26/2013,1,30,5
3/27/2013,3,30,5
3/28/2013,2,30,5
3/29/2013,0,30,5
3/30/2013,1,30,5
3/31/2013,0,30,5
4/1/2013,5,30,5
4/2/2013,7,30,5
4/3/2013,2,30,5
4/4/2013,1,30,5
4/5/2013,2,30,5
4/6/2013,8,30,5
4/7/2013,4,30,5
4/8/2013,2,30,5
4/9/2013,2,30,5
4/10/2013,2,30,5
4/11/2013,5,30,5
4/12/2013,2,30,5
4/13/2013,2,30,5
4/14/2013,2,30,5
4/15/2013,3,30,5
4/16/2013,3,30,5
4/17/2013,1,30,5
4/18/2013,2,30,5
4/19/2013,3,30,5
4/20/2013,2,30,5
4/21/2013,0,30,5
4/22/2013,5,30,5
4/23/2013,0,30,5
4/24/2013,3,30,5
4/25/2013,0,30,5
4/26/2013,1,30,5
4/27/2013,1,30,5
4/28/2013,6,30,5
4/29/2013,9,30,5
4/30/2013,3,30,5
5/1/2013,8,30,5
5/2/2013,3,30,5
5/3/2013,5,30,5
5/4/2013,3,30,5
5/5/2013,6,30,5
5/6/2013,7,30,5
5/7/2013,6,30,5
5/8/2013,6,30,5
5/9/2013,6,30,5
5/10/2013,2,30,5
5/11/2013,1,30,5
5/12/2013,2,30,5
5/13/2013,3,30,5
5/14/2013,2,30,5
5/15/2013,1,30,5
5/16/2013,6,30,5
5/17/2013,6,30,5
5/18/2013,2,30,5
5/19/2013,7,30,5
5/20/2013,1,30,5
5/21/2013,2,30,5
5/22/2013,5,30,5
5/23/2013,0,30,5
5/24/2013,0,30,5
5/25/2013,0,30,5
5/26/2013,4,30,5
5/27/2013,0,30,5
5/28/2013,2,30,5
5/29/2013,0,30,5
5/30/2013,3,30,5
5/31/2013,0,30,5
6/1/2013,0,30,5
6/2/2013,1,30,5
6/3/2013,0,30,5
6/4/2013,0,30,5
6/5/2013,2,30,5
6/6/2013,1,30,5
6/7/2013,1,30,5
6/8/2013,0,30,5
6/9/2013,2,30,5
6/10/2013,1,30,5
6/11/2013,0,30,5
6/12/2013,0,30,5
6/13/2013,0,30,5
6/14/2013,3,30,5
6/15/2013,4,30,5
6/16/2013,0,30,5
6/17/2013,0,30,5
6/18/2013,2,30,5
6/19/2013,5,30,5
6/20/2013,1,30,5
6/21/2013,1,30,5
6/22/2013,0,30,5
6/23/2013,4,30,5
6/24/2013,4,30,5
6/25/2013,1,30,5
6/26/2013,3,30,5
6/27/2013,0,30,5
6/28/2013,3,30,5
6/29/2013,1,30,5
6/30/2013,1,30,5
7/1/2013,0,30,5
7/2/2013,2,30,5
7/3/2013,3,30,5
7/4/2013,3,30,5
7/5/2013,1,30,5
7/6/2013,0,30,5
7/7/2013,2,30,5
7/8/2013,0,30,5
7/9/2013,1,30,5
7/10/2013,3,30,5
7/11/2013,2,30,5
7/12/2013,1,30,5
7/13/2013,3,30,5
7/14/2013,0,30,5
7/15/2013,1,30,5
7/16/2013,3,30,5
7/17/2013,0,30,5
7/18/2013,4,30,5
7/19/2013,1,30,5
7/20/2013,4,30,5
7/21/2013,0,30,5
7/22/2013,3,30,5
7/23/2013,2,30,5
7/24/2013,1,30,5
7/25/2013,2,30,5
7/26/2013,3,30,5
7/27/2013,2,30,5
7/28/2013,3,30,5
7/29/2013,3,30,5
7/30/2013,5,30,5
7/31/2013,5,30,5
8/1/2013,3,30,5
8/2/2013,3,30,5
8/3/2013,0,30,5
8/4/2013,2,30,5
8/5/2013,0,30,5
8/6/2013,1,30,5
8/7/2013,5,30,5
8/8/2013,7,30,5
8/9/2013,3,30,5
8/10/2013,1,30,5
8/11/2013,1,30,5
8/12/2013,5,30,5
8/13/2013,4,30,5
8/14/2013,3,30,5
8/15/2013,10,30,5
8/16/2013,2,30,5
8/17/2013,2,30,5
8/18/2013,1,30,5
8/19/2013,1,30,5
8/20/2013,2,30,5
8/21/2013,3,30,5
8/22/2013,1,30,5
8/23/2013,1,30,5
8/24/2013,1,30,5
8/25/2013,0,30,5
8/26/2013,6,30,5
8/27/2013,0,30,5
8/28/2013,2,30,5
8/29/2013,2,30,5
8/30/2013,8,30,5
8/31/2013,0,30,5
9/1/2013,1,30,5
9/2/2013,5,30,5
9/3/2013,5,30,5
9/4/2013,5,30,5
9/5/2013,2,30,5
9/6/2013,2,30,5
9/7/2013,2,30,5
9/8/2013,2,30,5
9/9/2013,3,30,5
9/10/2013,3,30,5
9/11/2013,5,30,5
9/12/2013,1,30,5
9/13/2013,0,30,5
9/14/2013,1,30,5
9/15/2013,1,30,5
9/16/2013,1,30,5
9/17/2013,3,30,5
9/18/2013,0,30,5
9/19/2013,3,30,5
9/20/2013,5,30,5
9/21/2013,4,30,5
9/22/2013,1,30,5
9/23/2013,4,30,5
9/24/2013,0,30,5
9/25/2013,3,30,5
9/26/2013,3,30,5
9/27/2013,0,30,5
9/28/2013,0,30,5
9/29/2013,0,30,5
9/30/2013,3,30,5
10/1/2013,0,30,5
10/2/2013,0,30,5
10/3/2013,2,30,5
10/4/2013,0,30,5
10/5/2013,1,30,5
10/6/2013,0,30,5
10/7/2013,3,30,5
10/8/2013,3,30,5
10/9/2013,0,30,5
10/10/2013,3,30,5
10/11/2013,3,30,5
10/12/2013,2,30,5
10/13/2013,2,30,5
10/14/2013,1,30,5
10/15/2013,2,30,5
10/16/2013,3,30,5
10/17/2013,1,30,5
10/18/2013,1,30,5
10/19/2013,0,30,5
10/20/2013,0,30,5
10/21/2013,1,30,5
10/22/2013,0,30,5
10/23/2013,4,30,5
10/24/2013,1,30,5
10/25/2013,0,30,5
10/26/2013,0,30,5
10/27/2013,0,30,5
10/28/2013,1,30,5
10/29/2013,3,30,5
10/30/2013,4,30,5
10/31/2013,1,30,5
11/1/2013,0,30,5
11/2/2013,0,30,5
11/3/2013,4,30,5
11/4/2013,1,30,5
11/5/2013,2,30,5
11/6/2013,1,30,5
11/7/2013,2,30,5
11/8/2013,0,30,5
11/9/2013,2,30,5
11/10/2013,4,30,5
11/11/2013,4,30,5
11/12/2013,0,30,5
11/13/2013,0,30,5
11/14/2013,0,30,5
11/15/2013,0,30,5
11/16/2013,2,30,5
11/17/2013,1,30,5
11/18/2013,1,30,5
11/19/2013,2,30,5
11/20/2013,3,30,5
11/21/2013,1,30,5
11/22/2013,2,30,5
11/23/2013,0,30,5
11/24/2013,1,30,5
11/25/2013,1,30,5
11/26/2013,1,30,5
11/27/2013,1,30,5
11/28/2013,1,30,5
11/29/2013,0,30,5
11/30/2013,5,30,5
12/1/2013,2,30,5
12/2/2013,4,30,5
12/3/2013,2,30,5
12/4/2013,6,30,5
12/5/2013,0,30,5
12/6/2013,3,30,5
12/7/2013,0,30,5
12/8/2013,4,30,5
12/9/2013,2,30,5
12/10/2013,2,30,5
12/11/2013,1,30,5
12/12/2013,0,30,5
12/13/2013,2,30,5
12/14/2013,0,30,5
12/15/2013,2,30,5
12/16/2013,1,30,5
12/17/2013,5,30,5
12/18/2013,2,30,5
12/19/2013,2,30,5
12/20/2013,1,30,5
12/21/2013,0,30,5
12/22/2013,4,30,5
12/23/2013,0,30,5
12/24/2013,0,30,5
12/25/2013,0,30,5
12/26/2013,0,30,5
12/27/2013,0,30,5
12/28/2013,1,30,5
12/29/2013,1,30,5
12/30/2013,0,30,5
12/31/2013,2,30,5
1/1/2014,1,30,5
1/2/2014,2,30,5
1/3/2014,3,30,5
1/4/2014,3,30,5
1/5/2014,2,30,5
1/6/2014,0,30,5
1/7/2014,2,30,5
1/8/2014,2,30,5
1/9/2014,1,30,5
1/10/2014,3,30,5
1/11/2014,0,30,5
1/12/2014,0,30,5
1/13/2014,1,30,5
1/14/2014,4,30,5
1/15/2014,2,30,5
1/16/2014,1,30,5
1/17/2014,3,30,5
1/18/2014,1,30,5
1/19/2014,3,30,5
1/20/2014,0,30,5
1/21/2014,7,30,5
1/22/2014,4,30,5
1/23/2014,1,30,5
1/24/2014,2,30,5
1/25/2014,4,30,5
1/26/2014,2,30,5
1/27/2014,4,30,5
1/28/2014,2,30,5
1/29/2014,3,30,5
1/30/2014,7,30,5
1/31/2014,8,30,5
2/1/2014,1,30,5
2/2/2014,5,30,5
2/3/2014,2,30,5
2/4/2014,4,30,5
2/5/2014,3,30,5
2/6/2014,7,30,5
2/7/2014,2,30,5
2/8/2014,3,30,5
2/9/2014,5,30,5
2/10/2014,3,30,5
2/11/2014,9,30,5
2/12/2014,1,30,5
2/13/2014,5,30,5
2/14/2014,3,30,5
2/15/2014,4,30,5
2/16/2014,0,30,5
2/17/2014,0,30,5
2/18/2014,3,30,5
2/19/2014,3,30,5
2/20/2014,5,30,5
2/21/2014,0,30,5
2/22/2014,7,30,5
2/23/2014,2,30,5
2/24/2014,4,30,5
2/25/2014,10,30,5
2/26/2014,3,30,5
2/27/2014,3,30,5
2/28/2014,2,30,5
3/1/2014,0,30,5
3/2/2014,4,30,5
3/3/2014,2,30,5
3/4/2014,5,30,5
3/5/2014,6,30,5
3/6/2014,7,30,5
3/7/2014,1,30,5
3/8/2014,1,30,5
3/9/2014,1,30,5
3/10/2014,5,30,5
3/11/2014,4,30,5
3/12/2014,2,30,5
3/13/2014,1,30,5
3/14/2014,0,30,5
3/15/2014,0,30,5
3/16/2014,1,30,5
3/17/2014,4,30,5
3/18/2014,4,30,5
3/19/2014,7,30,5
3/20/2014,0,30,5
3/21/2014,2,30,5
3/22/2014,2,30,5
3/23/2014,3,30,5
3/24/2014,4,30,5
3/25/2014,2,30,5
3/26/2014,4,30,5
3/27/2014,4,30,5
3/28/2014,3,30,5
3/29/2014,0,30,5
3/30/2014,0,30,5
3/31/2014,6,30,5
4/1/2014,3,30,5
4/2/2014,3,30,5
4/3/2014,7,30,5
4/4/2014,5,30,5
4/5/2014,8,30,5
4/6/2014,2,30,5
4/7/2014,7,30,5
4/8/2014,8,30,5
4/9/2014,1,30,5
4/10/2014,2,30,5
4/11/2014,1,30,5
4/12/2014,5,30,5
4/13/2014,2,30,5
4/14/2014,2,30,5
4/15/2014,3,30,5
4/16/2014,2,30,5
4/17/2014,0,30,5
4/18/2014,2,30,5
4/19/2014,0,30,5
4/20/2014,7,30,5
4/21/2014,4,30,5
4/22/2014,2,30,5
4/23/2014,5,30,5
4/24/2014,9,30,5
4/25/2014,5,30,5
4/26/2014,2,30,5
4/27/2014,1,30,5
4/28/2014,8,30,5
4/29/2014,2,30,5
4/30/2014,6,30,5
5/1/2014,1,30,5
5/2/2014,4,30,5
5/3/2014,5,30,5
5/4/2014,18,30,5
5/5/2014,9,30,5
5/6/2014,6,30,5
5/7/2014,3,30,5
5/8/2014,3,30,5
5/9/2014,1,30,5
5/10/2014,2,30,5
5/11/2014,2,30,5
5/12/2014,8,30,5
5/13/2014,3,30,5
5/14/2014,3,30,5
5/15/2014,1,30,5
5/16/2014,2,30,5
5/17/2014,0,30,5
5/18/2014,2,30,5
5/19/2014,3,30,5
5/20/2014,2,30,5
5/21/2014,2,30,5
5/22/2014,5,30,5
5/23/2014,3,30,5
5/24/2014,3,30,5
5/25/2014,1,30,5
5/26/2014,6,30,5
5/27/2014,8,30,5
5/28/2014,5,30,5
5/29/2014,4,30,5
5/30/2014,1,30,5
5/31/2014,5,30,5
6/1/2014,5,30,5
6/2/2014,4,30,5
6/3/2014,5,30,5
6/4/2014,3,30,5
6/5/2014,7,30,5
6/6/2014,7,30,5
6/7/2014,4,30,5
6/8/2014,3,30,5
6/9/2014,1,30,5
6/10/2014,3,30,5
6/11/2014,3,30,5
6/12/2014,3,30,5
6/13/2014,4,30,5
6/14/2014,0,30,5
6/15/2014,1,30,5
6/16/2014,4,30,5
6/17/2014,5,30,5
6/18/2014,3,30,5
6/19/2014,3,30,5
6/20/2014,6,30,5
6/21/2014,0,30,5
6/22/2014,4,30,5
6/23/2014,5,30,5
6/24/2014,1,30,5
6/25/2014,3,30,5
6/26/2014,2,30,5
6/27/2014,6,30,5
6/28/2014,0,30,5
6/29/2014,8,30,5
6/30/2014,7,30,5
7/1/2014,7,30,5
7/2/2014,8,30,5
7/3/2014,3,30,5
7/4/2014,2,30,5
7/5/2014,4,30,5
7/6/2014,5,30,5
7/7/2014,1,30,5
7/8/2014,3,30,5
7/9/2014,1,30,5
7/10/2014,2,30,5
7/11/2014,6,30,5
7/12/2014,0,30,5
7/13/2014,2,30,5
7/14/2014,3,30,5
7/15/2014,1,30,5
7/16/2014,5,30,5
7/17/2014,3,30,5
7/18/2014,3,30,5
7/19/2014,0,30,5
7/20/2014,3,30,5
7/21/2014,2,30,5
7/22/2014,1,30,5
7/23/2014,6,30,5
7/24/2014,1,30,5
7/25/2014,1,30,5
7/26/2014,1,30,5
7/27/2014,7,30,5
7/28/2014,7,30,5
7/29/2014,4,30,5
7/30/2014,4,30,5
7/31/2014,9,30,5
8/1/2014,2,30,5
8/2/2014,3,30,5
8/3/2014,2,30,5
8/4/2014,5,30,5
8/5/2014,3,30,5
8/6/2014,0,30,5
8/7/2014,0,30,5
8/8/2014,4,30,5
8/9/2014,0,30,5
8/10/2014,10,30,5
8/11/2014,8,30,5
8/12/2014,3,30,5
8/13/2014,0,30,5
8/14/2014,3,30,5
8/15/2014,1,30,5
8/16/2014,4,30,5
8/17/2014,0,30,5
8/18/2014,7,30,5
8/19/2014,3,30,5
8/20/2014,3,30,5
8/21/2014,11,30,5
8/22/2014,0,30,5
8/23/2014,0,30,5
8/24/2014,3,30,5
8/25/2014,7,30,5
8/26/2014,6,30,5
8/27/2014,6,30,5
8/28/2014,4,30,5
8/29/2014,1,30,5
8/30/2014,2,30,5
8/31/2014,5,30,5
9/1/2014,3,30,5
9/2/2014,2,30,5
9/3/2014,6,30,5
9/4/2014,1,30,5
9/5/2014,4,30,5
9/6/2014,2,30,5
9/7/2014,4,30,5
9/8/2014,4,30,5
9/9/2014,0,30,5
9/10/2014,2,30,5
9/11/2014,2,30,5
9/12/2014,3,30,5
9/13/2014,7,30,5
9/14/2014,7,30,5
9/15/2014,4,30,5
9/16/2014,7,30,5
9/17/2014,3,30,5
9/18/2014,2,30,5
9/19/2014,8,30,5
9/20/2014,3,30,5
9/21/2014,1,30,5
9/22/2014,3,30,5
9/23/2014,4,30,5
9/24/2014,1,30,5
9/25/2014,0,30,5
9/26/2014,0,30,5
9/27/2014,1,30,5
9/28/2014,3,30,5
9/29/2014,0,30,5
9/30/2014,4,30,5
10/1/2014,2,30,5
10/2/2014,2,30,5
10/3/2014,1,30,5
10/4/2014,1,30,5
10/5/2014,4,30,5
10/6/2014,4,30,5
10/7/2014,2,30,5
10/8/2014,4,30,5
10/9/2014,4,30,5
10/10/2014,2,30,5
10/11/2014,4,30,5
10/12/2014,0,30,5
10/13/2014,6,30,5
10/14/2014,2,30,5
10/15/2014,2,30,5
10/16/2014,3,30,5
10/17/2014,5,30,5
10/18/2014,0,30,5
10/19/2014,5,30,5
10/20/2014,6,30,5
10/21/2014,2,30,5
10/22/2014,4,30,5
10/23/2014,16,30,5
10/24/2014,5,30,5
10/25/2014,5,30,5
10/26/2014,2,30,5
10/27/2014,3,30,5
10/28/2014,0,30,5
10/29/2014,2,30,5
10/30/2014,3,30,5
10/31/2014,1,30,5
11/1/2014,0,30,5
11/2/2014,0,30,5
11/3/2014,4,30,5
11/4/2014,1,30,5
11/5/2014,3,30,5
11/6/2014,0,30,5
11/7/2014,1,30,5
11/8/2014,0,30,5
11/9/2014,4,30,5
11/10/2014,1,30,5
11/11/2014,0,30,5
11/12/2014,6,30,5
11/13/2014,2,30,5
11/14/2014,3,30,5
11/15/2014,1,30,5
11/16/2014,0,30,5
11/17/2014,3,30,5
11/18/2014,0,30,5
11/19/2014,0,30,5
11/20/2014,8,30,5
11/21/2014,2,30,5
11/22/2014,0,30,5
11/23/2014,0,30,5
11/24/2014,0,30,5
11/25/2014,1,30,5
11/26/2014,3,30,5
11/27/2014,4,30,5
11/28/2014,2,30,5
11/29/2014,4,30,5
11/30/2014,1,30,5
12/1/2014,3,30,5
12/2/2014,0,30,5
12/3/2014,2,30,5
12/4/2014,1,30,5
12/5/2014,3,30,5
12/6/2014,2,30,5
12/7/2014,1,30,5
12/8/2014,0,30,5
12/9/2014,5,30,5
12/10/2014,2,30,5
12/11/2014,4,30,5
12/12/2014,5,30,5
12/13/2014,0,30,5
12/14/2014,2,30,5
12/15/2014,0,30,5
12/16/2014,0,30,5
12/17/2014,0,30,5
12/18/2014,0,30,5
12/19/2014,1,30,5
12/20/2014,3,30,5
12/21/2014,0,30,5
12/22/2014,3,30,5
12/23/2014,4,30,5
12/24/2014,1,30,5
12/25/2014,0,30,5
12/26/2014,0,30,5
12/27/2014,0,30,5
12/28/2014,2,30,5
12/29/2014,0,30,5
12/30/2014,3,30,5
12/31/2014,3,30,5
1/1/2015,2,30,5
1/2/2015,5,30,5
1/3/2015,6,30,5
1/4/2015,1,30,5
1/5/2015,7,30,5
1/6/2015,6,30,5
1/7/2015,4,30,5
1/8/2015,2,30,5
1/9/2015,1,30,5
1/10/2015,2,30,5
1/11/2015,4,30,5
1/12/2015,4,30,5
1/13/2015,4,30,5
1/14/2015,5,30,5
1/15/2015,5,30,5
1/16/2015,2,30,5
1/17/2015,0,30,5
1/18/2015,0,30,5
1/19/2015,5,30,5
1/20/2015,4,30,5
1/21/2015,9,30,5
1/22/2015,5,30,5
1/23/2015,1,30,5
1/24/2015,0,30,5
1/25/2015,4,30,5
1/26/2015,5,30,5
1/27/2015,1,30,5
1/28/2015,1,30,5
1/29/2015,3,30,5
1/30/2015,1,30,5
1/31/2015,0,30,5
2/1/2015,1,30,5
2/2/2015,7,30,5
2/3/2015,3,30,5
2/4/2015,10,30,5
2/5/2015,5,30,5
2/6/2015,8,30,5
2/7/2015,1,30,5
2/8/2015,5,30,5
2/9/2015,5,30,5
2/10/2015,5,30,5
2/11/2015,5,30,5
2/12/2015,2,30,5
2/13/2015,5,30,5
2/14/2015,0,30,5
2/15/2015,2,30,5
2/16/2015,6,30,5
2/17/2015,6,30,5
2/18/2015,8,30,5
2/19/2015,3,30,5
2/20/2015,2,30,5
2/21/2015,4,30,5
2/22/2015,2,30,5
2/23/2015,3,30,5
2/24/2015,0,30,5
2/25/2015,3,30,5
2/26/2015,3,30,5
2/27/2015,2,30,5
2/28/2015,2,30,5
3/1/2015,2,30,5
3/2/2015,4,30,5
3/3/2015,2,30,5
3/4/2015,6,30,5
3/5/2015,7,30,5
3/6/2015,6,30,5
3/7/2015,2,30,5
3/8/2015,3,30,5
3/9/2015,4,30,5
3/10/2015,5,30,5
3/11/2015,9,30,5
3/12/2015,28,30,5
3/13/2015,27,30,5
3/14/2015,22,30,5
3/15/2015,1,30,5
3/16/2015,9,30,5
3/17/2015,10,30,5
3/18/2015,11,30,5
3/19/2015,14,30,5
3/20/2015,8,30,5
3/21/2015,12,30,5
3/22/2015,4,30,5
3/23/2015,3,30,5
3/24/2015,17,30,5
3/25/2015,14,30,5
3/26/2015,9,30,5
3/27/2015,3,30,5
3/28/2015,1,30,5
3/29/2015,11,30,5
3/30/2015,7,30,5
3/31/2015,9,30,5
4/1/2015,7,30,5
4/2/2015,0,30,5
4/3/2015,4,30,5
4/4/2015,2,30,5
4/5/2015,7,30,5
4/6/2015,5,30,5
4/7/2015,13,30,5
4/8/2015,11,30,5
4/9/2015,8,30,5
4/10/2015,4,30,5
4/11/2015,0,30,5
4/12/2015,10,30,5
4/13/2015,5,30,5
4/14/2015,7,30,5
4/15/2015,12,30,5
4/16/2015,8,30,5
4/17/2015,4,30,5
4/18/2015,6,30,5
4/19/2015,4,30,5
4/20/2015,6,30,5
4/21/2015,13,30,5
4/22/2015,8,30,5
4/23/2015,10,30,5
4/24/2015,9,30,5
4/25/2015,0,30,5
4/26/2015,4,30,5
4/27/2015,18,30,5
4/28/2015,24,30,5
4/29/2015,11,30,5
4/30/2015,14,30,5
5/1/2015,10,30,5
5/2/2015,7,30,5
5/3/2015,7,30,5
5/4/2015,9,30,5
5/5/2015,5,30,5
5/6/2015,8,30,5
5/7/2015,26,30,5
5/8/2015,2,30,5
5/9/2015,2,30,5
5/10/2015,4,30,5
5/11/2015,8,30,5
5/12/2015,9,30,5
5/13/2015,4,30,5
5/14/2015,9,30,5
5/15/2015,20,30,5
5/16/2015,10,30,5
5/17/2015,6,30,5
5/18/2015,15,30,5
5/19/2015,5,30,5
5/20/2015,14,30,5
5/21/2015,11,30,5
5/22/2015,3,30,5
5/23/2015,1,30,5
5/24/2015,4,30,5
5/25/2015,8,30,5
5/26/2015,6,30,5
5/27/2015,15,30,5
5/28/2015,8,30,5
5/29/2015,4,30,5
5/30/2015,1,30,5
5/31/2015,1,30,5
6/1/2015,3,30,5
6/2/2015,5,30,5
6/3/2015,1,30,5
6/4/2015,3,30,5
6/5/2015,1,30,5
6/6/2015,5,30,5
6/7/2015,7,30,5
6/8/2015,7,30,5
6/9/2015,7,30,5
6/10/2015,8,30,5
6/11/2015,8,30,5
6/12/2015,9,30,5
6/13/2015,3,30,5
6/14/2015,11,30,5
6/15/2015,11,30,5
6/16/2015,4,30,5
6/17/2015,6,30,5
6/18/2015,7,30,5
6/19/2015,4,30,5
6/20/2015,2,30,5
6/21/2015,2,30,5
6/22/2015,6,30,5
6/23/2015,9,30,5
6/24/2015,6,30,5
6/25/2015,3,30,5
6/26/2015,2,30,5
6/27/2015,0,30,5
6/28/2015,3,30,5
6/29/2015,3,30,5
6/30/2015,11,30,5
7/1/2015,10,30,5
7/2/2015,4,30,5
7/3/2015,0,30,5
7/4/2015,3,30,5
7/5/2015,4,30,5
7/6/2015,5,30,5
7/7/2015,5,30,5
7/8/2015,6,30,5
7/9/2015,1,30,5
7/10/2015,3,30,5
7/11/2015,1,30,5
7/12/2015,2,30,5
7/13/2015,0,30,5
7/14/2015,9,30,5
7/15/2015,2,30,5
7/16/2015,9,30,5
7/17/2015,0,30,5
7/18/2015,5,30,5
7/19/2015,5,30,5
7/20/2015,2,30,5
7/21/2015,1,30,5
7/22/2015,6,30,5
7/23/2015,7,30,5
7/24/2015,1,30,5
7/25/2015,4,30,5
7/26/2015,2,30,5
7/27/2015,6,30,5
7/28/2015,3,30,5
7/29/2015,8,30,5
7/30/2015,4,30,5
7/31/2015,10,30,5
8/1/2015,5,30,5
8/2/2015,4,30,5
8/3/2015,3,30,5
8/4/2015,3,30,5
8/5/2015,4,30,5
8/6/2015,4,30,5
8/7/2015,6,30,5
8/8/2015,7,30,5
8/9/2015,0,30,5
8/10/2015,0,30,5
8/11/2015,6,30,5
8/12/2015,4,30,5
8/13/2015,2,30,5
8/14/2015,4,30,5
8/15/2015,2,30,5
8/16/2015,1,30,5
8/17/2015,0,30,5
8/18/2015,9,30,5
8/19/2015,2,30,5
8/20/2015,4,30,5
8/21/2015,1,30,5
8/22/2015,4,30,5
8/23/2015,2,30,5
8/24/2015,9,30,5
8/25/2015,16,30,5
8/26/2015,3,30,5
8/27/2015,9,30,5
8/28/2015,9,30,5
8/29/2015,6,30,5
8/30/2015,8,30,5
8/31/2015,7,30,5
9/1/2015,9,30,5
9/2/2015,8,30,5
9/3/2015,5,30,5
9/4/2015,5,30,5
9/5/2015,5,30,5
9/6/2015,4,30,5
9/7/2015,9,30,5
9/8/2015,11,30,5
9/9/2015,8,30,5
9/10/2015,7,30,5
9/11/2015,7,30,5
9/12/2015,7,30,5
9/13/2015,2,30,5
9/14/2015,11,30,5
9/15/2015,9,30,5
9/16/2015,7,30,5
9/17/2015,3,30,5
9/18/2015,0,30,5
9/19/2015,9,30,5
9/20/2015,5,30,5
9/21/2015,11,30,5
9/22/2015,16,30,5
9/23/2015,7,30,5
9/24/2015,8,30,5
9/25/2015,2,30,5
9/26/2015,4,30,5
9/27/2015,8,30,5
9/28/2015,8,30,5
9/29/2015,32,30,5
9/30/2015,38,30,5
10/1/2015,33,30,5
10/2/2015,31,30,5
10/3/2015,19,30,5
10/4/2015,5,30,5
10/5/2015,18,30,5
10/6/2015,10,30,5
10/7/2015,32,30,5
10/8/2015,23,30,5
10/9/2015,15,30,5
10/10/2015,10,30,5
10/11/2015,12,30,5
10/12/2015,13,30,5
10/13/2015,17,30,5
10/14/2015,30,30,5
10/15/2015,35,30,5
10/16/2015,20,30,5
10/17/2015,9,30,5
10/18/2015,12,30,5
10/19/2015,29,30,5
10/20/2015,27,30,5
10/21/2015,32,30,5
10/22/2015,24,30,5
10/23/2015,25,30,5
10/24/2015,22,30,5
10/25/2015,18,30,5
10/26/2015,24,30,5
10/27/2015,27,30,5
10/28/2015,21,30,5
10/29/2015,22,30,5
10/30/2015,11,30,5
10/31/2015,2,30,5
11/1/2015,7,30,5
11/2/2015,23,30,5
11/3/2015,21,30,5
11/4/2015,22,30,5
11/5/2015,9,30,5
11/6/2015,10,30,5
11/7/2015,8,30,5
11/8/2015,1,30,5
11/9/2015,4,30,5
11/10/2015,9,30,5
11/11/2015,7,30,5
11/12/2015,10,30,5
11/13/2015,34,30,5
11/14/2015,9,30,5
11/15/2015,8,30,5
11/16/2015,5,30,5
11/17/2015,18,30,5
11/18/2015,11,30,5
11/19/2015,12,30,5
11/20/2015,6,30,5
11/21/2015,10,30,5
11/22/2015,8,30,5
11/23/2015,17,30,5
11/24/2015,17,30,5
11/25/2015,22,30,5
11/26/2015,12,30,5
11/27/2015,7,30,5
11/28/2015,9,30,5
11/29/2015,11,30,5
11/30/2015,17,30,5
12/1/2015,24,30,5
12/2/2015,9,30,5
12/3/2015,7,30,5
12/4/2015,4,30,5
12/5/2015,14,30,5
12/6/2015,9,30,5
12/7/2015,6,30,5
12/8/2015,6,30,5
12/9/2015,13,30,5
12/10/2015,17,30,5
12/11/2015,11,30,5
12/12/2015,3,30,5
12/13/2015,0,30,5
12/14/2015,6,30,5
12/15/2015,8,30,5
12/16/2015,6,30,5
12/17/2015,10,30,5
12/18/2015,7,30,5
12/19/2015,2,30,5
12/20/2015,3,30,5
12/21/2015,6,30,5
12/22/2015,8,30,5
12/23/2015,7,30,5
12/24/2015,3,30,5
12/25/2015,7,30,5
12/26/2015,3,30,5
12/27/2015,7,30,5
12/28/2015,8,30,5
12/29/2015,9,30,5
12/30/2015,8,30,5
12/31/2015,4,30,5
1/1/2016,4,30,5
1/2/2016,4,30,5
1/3/2016,10,30,5
1/4/2016,26,30,5
1/5/2016,16,30,5
1/6/2016,9,30,5
1/7/2016,11,30,5
1/8/2016,12,30,5
1/9/2016,4,30,5
1/10/2016,15,30,5
1/11/2016,14,30,5
1/12/2016,9,30,5
1/13/2016,24,30,5
1/14/2016,18,30,5
1/15/2016,13,30,5
1/16/2016,4,30,5
1/17/2016,17,30,5
1/18/2016,23,30,5
1/19/2016,20,30,5
1/20/2016,91,30,5
1/21/2016,44,30,5
1/22/2016,39,30,5
1/23/2016,28,30,5
1/24/2016,20,30,5
1/25/2016,52,30,5
1/26/2016,58,30,5
1/27/2016,53,30,5
1/28/2016,46,30,5
1/29/2016,23,30,5
1/30/2016,22,30,5
1/31/2016,42,30,5
2/1/2016,58,30,5
2/2/2016,48,30,5
2/3/2016,45,30,5
2/4/2016,101,30,5
2/5/2016,124,30,5
2/6/2016,47,30,5
2/7/2016,36,30,5
2/8/2016,38,30,5
2/9/2016,38,30,5
2/10/2016,52,30,5
2/11/2016,30,30,5
2/12/2016,34,30,5
2/13/2016,14,30,5
2/14/2016,8,30,5
2/15/2016,11,30,5
2/16/2016,21,30,5
2/17/2016,34,30,5
2/18/2016,27,30,5
2/19/2016,28,30,5
2/20/2016,21,30,5
2/21/2016,32,30,5
2/22/2016,41,30,5
2/23/2016,32,30,5
2/24/2016,30,30,5
2/25/2016,28,30,5
2/26/2016,21,30,5
2/27/2016,18,30,5
2/28/2016,12,30,5
2/29/2016,24,30,5
3/1/2016,21,30,5
3/2/2016,28,30,5
3/3/2016,8,30,5
3/4/2016,10,30,5
3/5/2016,10,30,5
3/6/2016,5,30,5
3/7/2016,15,30,5
3/8/2016,14,30,5
3/9/2016,10,30,5
3/10/2016,8,30,5
3/11/2016,4,30,5
3/12/2016,2,30,5
3/13/2016,9,30,5
3/14/2016,22,30,5
3/15/2016,19,30,5
3/16/2016,27,30,5
3/17/2016,21,30,5
3/18/2016,25,30,5
3/19/2016,31,30,5
3/20/2016,32,30,5
3/21/2016,13,30,5
3/22/2016,19,30,5
3/23/2016,15,30,5
3/24/2016,20,30,5
3/25/2016,14,30,5
3/26/2016,13,30,5
3/27/2016,35,30,5
3/28/2016,51,30,5
3/29/2016,49,30,5
3/30/2016,33,30,5
3/31/2016,36,30,5
4/1/2016,22,30,5
4/2/2016,16,30,5
4/3/2016,7,30,5
4/4/2016,13,30,5
4/5/2016,25,30,5
4/6/2016,22,30,5
4/7/2016,13,30,5
4/8/2016,14,30,5
4/9/2016,29,30,5
4/10/2016,12,30,5
4/11/2016,18,30,5
4/12/2016,26,30,5
4/13/2016,11,30,5
4/14/2016,37,30,5
4/15/2016,22,30,5
4/16/2016,11,30,5
4/17/2016,9,30,5
4/18/2016,17,30,5
4/19/2016,30,30,5
4/20/2016,20,30,5
4/21/2016,22,30,5
4/22/2016,25,30,5
4/23/2016,6,30,5
4/24/2016,13,30,5
4/25/2016,17,30,5
4/26/2016,26,30,5
4/27/2016,19,30,5
4/28/2016,18,30,5
4/29/2016,11,30,5
4/30/2016,18,30,5
5/1/2016,16,30,5
5/2/2016,15,30,5
5/3/2016,17,30,5
5/4/2016,16,30,5
5/5/2016,10,30,5
5/6/2016,10,30,5
5/7/2016,11,30,5
5/8/2016,18,30,5
5/9/2016,26,30,5
5/10/2016,31,30,5
5/11/2016,18,30,5
5/12/2016,14,30,5
5/13/2016,21,30,5
5/14/2016,15,30,5
5/15/2016,14,30,5
5/16/2016,24,30,5
5/17/2016,22,30,5
5/18/2016,15,30,5
5/19/2016,13,30,5
5/20/2016,7,30,5
5/21/2016,3,30,5
5/22/2016,14,30,5
5/23/2016,26,30,5
5/24/2016,32,30,5
5/25/2016,10,30,5
5/26/2016,14,30,5
5/27/2016,17,30,5
5/28/2016,21,30,5
5/29/2016,13,30,5
5/30/2016,38,30,5
5/31/2016,26,30,5
6/1/2016,12,30,5
6/2/2016,11,30,5
6/3/2016,25,30,5
6/4/2016,7,30,5
6/5/2016,18,30,5
6/6/2016,20,30,5
6/7/2016,27,30,5
6/8/2016,32,30,5
6/9/2016,16,30,5
6/10/2016,15,30,5
6/11/2016,7,30,5
6/12/2016,10,30,5
6/13/2016,23,30,5
6/14/2016,30,30,5
6/15/2016,26,30,5
6/16/2016,11,30,5
6/17/2016,33,30,5
6/18/2016,4,30,5
6/19/2016,11,30,5
6/20/2016,17,30,5
6/21/2016,17,30,5
6/22/2016,17,30,5
6/23/2016,14,30,5
6/24/2016,13,30,5
6/25/2016,10,30,5
6/26/2016,15,30,5
6/27/2016,27,30,5
6/28/2016,24,30,5
6/29/2016,10,30,5
6/30/2016,9,30,5
7/1/2016,19,30,5
7/2/2016,12,30,5
7/3/2016,13,30,5
7/4/2016,16,30,5
7/5/2016,30,30,5
7/6/2016,30,30,5
7/7/2016,48,30,5
7/8/2016,39,30,5
7/9/2016,20,30,5
7/10/2016,11,30,5
7/11/2016,8,30,5
7/12/2016,26,30,5
7/13/2016,13,30,5
7/14/2016,13,30,5
7/15/2016,11,30,5
7/16/2016,9,30,5
7/17/2016,8,30,5
7/18/2016,13,30,5
7/19/2016,92,30,5
7/20/2016,153,30,5
7/21/2016,79,30,5
7/22/2016,43,30,5
7/23/2016,9,30,5
7/24/2016,17,30,5
7/25/2016,29,30,5
7/26/2016,36,30,5
7/27/2016,34,30,5
7/28/2016,40,30,5
7/29/2016,41,30,5
7/30/2016,24,30,5
7/31/2016,18,30,5
8/1/2016,68,30,5
8/2/2016,26,30,5
8/3/2016,57,30,5
8/4/2016,50,30,5
8/5/2016,37,30,5
8/6/2016,14,30,5
8/7/2016,16,30,5
8/8/2016,30,30,5
8/9/2016,40,30,5
8/10/2016,59,30,5
8/11/2016,44,30,5
8/12/2016,33,30,5
8/13/2016,37,30,5
8/14/2016,30,30,5
8/15/2016,26,30,5
8/16/2016,42,30,5
8/17/2016,55,30,5
8/18/2016,45,30,5
8/19/2016,20,30,5
8/20/2016,14,30,5
8/21/2016,17,30,5
8/22/2016,24,30,5
8/23/2016,31,30,5
8/24/2016,27,30,5
8/25/2016,38,30,5
8/26/2016,20,30,5
8/27/2016,11,30,5
8/28/2016,12,30,5
8/29/2016,22,30,5
8/30/2016,17,30,5
8/31/2016,34,30,5
9/1/2016,28,30,5
9/2/2016,23,30,5
9/3/2016,10,30,5
9/4/2016,8,30,5
9/5/2016,30,30,5
9/6/2016,25,30,5
9/7/2016,27,30,5
9/8/2016,30,30,5
9/9/2016,20,30,5
9/10/2016,36,30,5
9/11/2016,12,30,5
9/12/2016,23,30,5
9/13/2016,19,30,5
9/14/2016,25,30,5
9/15/2016,22,30,5
9/16/2016,21,30,5
9/17/2016,11,30,5
9/18/2016,5,30,5
9/19/2016,26,30,5
9/20/2016,15,30,5
9/21/2016,39,30,5
9/22/2016,38,30,5
9/23/2016,22,30,5
9/24/2016,12,30,5
9/25/2016,12,30,5
9/26/2016,31,30,5
9/27/2016,22,30,5
9/28/2016,28,30,5
9/29/2016,24,30,5
9/30/2016,6,30,5
10/1/2016,16,30,5
10/2/2016,6,30,5
10/3/2016,38,30,5
10/4/2016,29,30,5
10/5/2016,18,30,5
10/6/2016,26,30,5
10/7/2016,34,30,5
10/8/2016,13,30,5
10/9/2016,8,30,5
10/10/2016,24,30,5
10/11/2016,59,30,5
10/12/2016,50,30,5
10/13/2016,26,30,5
10/14/2016,33,30,5
10/15/2016,19,30,5
10/16/2016,14,30,5
10/17/2016,19,30,5
10/18/2016,27,30,5
10/19/2016,26,30,5
10/20/2016,16,30,5
10/21/2016,19,30,5
10/22/2016,12,30,5
10/23/2016,15,30,5
10/24/2016,24,30,5
10/25/2016,41,30,5
10/26/2016,23,30,5
10/27/2016,28,30,5
10/28/2016,22,30,5
10/29/2016,12,30,5
10/30/2016,9,30,5
10/31/2016,21,30,5
11/1/2016,37,30,5
11/2/2016,19,30,5
11/3/2016,21,30,5
11/4/2016,15,30,5
11/5/2016,6,30,5
11/6/2016,11,30,5
11/7/2016,32,30,5
11/8/2016,18,30,5
11/9/2016,32,30,5
11/10/2016,27,30,5
11/11/2016,20,30,5
11/12/2016,8,30,5
11/13/2016,14,30,5
11/14/2016,19,30,5
11/15/2016,18,30,5
11/16/2016,30,30,5
11/17/2016,20,30,5
11/18/2016,16,30,5
11/19/2016,11,30,5
11/20/2016,7,30,5
11/21/2016,11,30,5
11/22/2016,16,30,5
11/23/2016,12,30,5
11/24/2016,19,30,5
11/25/2016,14,30,5
11/26/2016,9,30,5
11/27/2016,6,30,5
11/28/2016,21,30,5
11/29/2016,19,30,5
11/30/2016,11,30,5
12/1/2016,13,30,5
12/2/2016,10,30,5
12/3/2016,14,30,5
12/4/2016,10,30,5
12/5/2016,8,30,5
12/6/2016,9,30,5
12/7/2016,9,30,5
12/8/2016,14,30,5
12/9/2016,10,30,5
12/10/2016,9,30,5
12/11/2016,4,30,5
12/12/2016,18,30,5
12/13/2016,18,30,5
12/14/2016,8,30,5
12/15/2016,11,30,5
12/16/2016,22,30,5
12/17/2016,11,30,5
12/18/2016,5,30,5
12/19/2016,11,30,5
12/20/2016,8,30,5
12/21/2016,6,30,5
12/22/2016,7,30,5
12/23/2016,9,30,5
12/24/2016,6,30,5
12/25/2016,5,30,5
12/26/2016,16,30,5
12/27/2016,10,30,5
12/28/2016,20,30,5
12/29/2016,15,30,5
12/30/2016,17,30,5
12/31/2016,4,30,5
1/1/2017,5,30,5
1/2/2017,15,30,5
1/3/2017,9,30,5
1/4/2017,11,30,5
1/5/2017,6,30,5
1/6/2017,15,30,5
1/7/2017,8,30,5
1/8/2017,17,30,5
1/9/2017,18,30,5
1/10/2017,19,30,5
1/11/2017,28,30,5
1/12/2017,21,30,5
1/13/2017,13,30,5
1/14/2017,10,30,5
1/15/2017,6,30,5
1/16/2017,17,30,5
1/17/2017,7,30,5
1/18/2017,17,30,5
1/19/2017,9,30,5
1/20/2017,16,30,5
1/21/2017,11,30,5
1/22/2017,7,30,5
1/23/2017,19,30,5
1/24/2017,19,30,5
1/25/2017,20,30,5
1/26/2017,25,30,5
1/27/2017,19,30,5
1/28/2017,7,30,5
1/29/2017,31,30,5
1/30/2017,35,30,5
1/31/2017,32,30,5
2/1/2017,19,30,5
2/2/2017,19,30,5
2/3/2017,23,30,5
2/4/2017,14,30,5
2/5/2017,7,30,5
2/6/2017,26,30,5
2/7/2017,15,30,5
2/8/2017,16,30,5
2/9/2017,16,30,5
2/10/2017,20,30,5
2/11/2017,15,30,5
2/12/2017,12,30,5
2/13/2017,22,30,5
2/14/2017,26,30,5
2/15/2017,6,30,5
2/16/2017,27,30,5
2/17/2017,31,30,5
2/18/2017,16,30,5
2/19/2017,12,30,5
2/20/2017,63,30,5
2/21/2017,59,30,5
2/22/2017,47,30,5
2/23/2017,60,30,5
2/24/2017,97,30,5
2/25/2017,14,30,5
2/26/2017,11,30,5
2/27/2017,132,30,5
2/28/2017,99,30,5
3/1/2017,106,30,5
3/2/2017,124,30,5
3/3/2017,173,30,5
3/4/2017,48,30,5
3/5/2017,46,30,5
3/6/2017,259,30,5
3/7/2017,138,30,5
3/8/2017,74,30,5
3/9/2017,82,30,5
3/10/2017,75,30,5
3/11/2017,31,30,5
3/12/2017,29,30,5
3/13/2017,96,30,5
3/14/2017,82,30,5
3/15/2017,94,30,5
3/16/2017,88,30,5
3/17/2017,89,30,5
3/18/2017,28,30,5
3/19/2017,18,30,5
3/20/2017,50,30,5
3/21/2017,79,30,5
3/22/2017,109,30,5
3/23/2017,73,30,5
3/24/2017,74,30,5
3/25/2017,52,30,5
3/26/2017,35,30,5
3/27/2017,67,30,5
3/28/2017,58,30,5
3/29/2017,73,30,5
3/30/2017,57,30,5
3/31/2017,70,30,5
4/1/2017,20,30,5
4/2/2017,13,30,5
4/3/2017,65,30,5
4/4/2017,53,30,5
4/5/2017,48,30,5
4/6/2017,28,30,5
4/7/2017,31,30,5
4/8/2017,20,30,5
4/9/2017,20,30,5
4/10/2017,64,30,5
4/11/2017,43,30,5
4/12/2017,44,30,5
4/13/2017,17,30,5
4/14/2017,26,30,5
4/15/2017,150,30,5
4/16/2017,120,30,5
4/17/2017,168,30,5
4/18/2017,94,30,5
4/19/2017,58,30,5
4/20/2017,71,30,5
4/21/2017,72,30,5
4/22/2017,30,30,5
4/23/2017,19,30,5
4/24/2017,64,30,5
4/25/2017,42,30,5
4/26/2017,63,30,5
4/27/2017,59,30,5
4/28/2017,28,30,5
4/29/2017,33,30,5
4/30/2017,17,30,5
5/1/2017,21,30,5
5/2/2017,43,30,5
5/3/2017,56,30,5
5/4/2017,34,30,5
5/5/2017,32,30,5
5/6/2017,20,30,5
5/7/2017,14,30,5
5/8/2017,38,30,5
5/9/2017,44,30,5
5/10/2017,38,30,5
5/11/2017,30,30,5
5/12/2017,40,30,5
5/13/2017,30,30,5
5/14/2017,14,30,5
5/15/2017,67,30,5
5/16/2017,30,30,5
5/17/2017,30,30,5
5/18/2017,35,30,5
5/19/2017,58,30,5
5/20/2017,12,30,5
5/21/2017,27,30,5
5/22/2017,41,30,5
5/23/2017,31,30,5
5/24/2017,41,30,5
5/25/2017,36,30,5
5/26/2017,39,30,5
5/27/2017,34,30,5
5/28/2017,23,30,5
5/29/2017,21,30,5
5/30/2017,95,30,5
5/31/2017,63,30,5
6/1/2017,37,30,5
6/2/2017,18,30,5
6/3/2017,18,30,5
6/4/2017,26,30,5
6/5/2017,64,30,5
6/6/2017,66,30,5
6/7/2017,73,30,5
6/8/2017,63,30,5
6/9/2017,40,30,5
6/10/2017,171,30,5
6/11/2017,144,30,5
6/12/2017,114,30,5
6/13/2017,93,30,5
6/14/2017,50,30,5
6/15/2017,58,30,5
6/16/2017,41,30,5
6/17/2017,29,30,5
6/18/2017,12,30,5
6/19/2017,28,30,5
6/20/2017,43,30,5
6/21/2017,39,30,5
6/22/2017,32,30,5
6/23/2017,37,30,5
6/24/2017,18,30,5
6/25/2017,17,30,5
6/26/2017,29,30,5
6/27/2017,25,30,5
6/28/2017,35,30,5
6/29/2017,40,30,5
6/30/2017,33,30,5
7/1/2017,22,30,5
7/2/2017,23,30,5
7/3/2017,28,30,5
7/4/2017,29,30,5
7/5/2017,36,30,5
7/6/2017,34,30,5
7/7/2017,24,30,5
7/8/2017,31,30,5
7/9/2017,31,30,5
7/10/2017,41,30,5
7/11/2017,47,30,5
7/12/2017,42,30,5
7/13/2017,44,30,5
7/14/2017,42,30,5
7/15/2017,6,30,5
7/16/2017,21,30,5
7/17/2017,24,30,5
7/18/2017,48,30,5
7/19/2017,56,30,5
7/20/2017,69,30,5
7/21/2017,56,30,5
7/22/2017,52,30,5
7/23/2017,30,30,5
7/24/2017,47,30,5
7/25/2017,73,30,5
7/26/2017,29,30,5
7/27/2017,29,30,5
7/28/2017,32,30,5
7/29/2017,20,30,5
7/30/2017,15,30,5
7/31/2017,51,30,5
8/1/2017,30,30,5
8/2/2017,45,30,5
8/3/2017,45,30,5
8/4/2017,42,30,5
8/5/2017,28,30,5
8/6/2017,22,30,5
8/7/2017,44,30,5
8/8/2017,36,30,5
8/9/2017,52,30,5
8/10/2017,41,30,5
8/11/2017,34,30,5
8/12/2017,29,30,5
8/13/2017,25,30,5
8/14/2017,35,30,5
8/15/2017,56,30,5
8/16/2017,71,30,5
8/17/2017,94,30,5
8/18/2017,40,30,5
8/19/2017,22,30,5
8/20/2017,28,30,5
8/21/2017,47,30,5
8/22/2017,29,30,5
8/23/2017,29,30,5
8/24/2017,41,30,5
8/25/2017,34,30,5
8/26/2017,12,30,5
8/27/2017,10,30,5
8/28/2017,43,30,5
8/29/2017,29,30,5
8/30/2017,27,30,5
8/31/2017,9,30,5
9/1/2017,31,30,5
9/2/2017,23,30,5
9/3/2017,10,30,5
9/4/2017,35,30,5
9/5/2017,44,30,5
9/6/2017,51,30,5
9/7/2017,51,30,5
9/8/2017,50,30,5
9/9/2017,16,30,5
9/10/2017,10,30,5
9/11/2017,19,30,5
9/12/2017,27,30,5
9/13/2017,30,30,5
9/14/2017,25,30,5
9/15/2017,14,30,5
9/16/2017,10,30,5
9/17/2017,15,30,5
9/18/2017,31,30,5
9/19/2017,15,30,5
9/20/2017,28,30,5
9/21/2017,12,30,5
9/22/2017,24,30,5
9/23/2017,10,30,5
9/24/2017,11,30,5
9/25/2017,33,30,5
9/26/2017,44,30,5
9/27/2017,19,30,5
9/28/2017,16,30,5
9/29/2017,9,30,5
9/30/2017,3,30,5
10/1/2017,14,30,5
10/2/2017,19,30,5
10/3/2017,34,30,5
10/4/2017,10,30,5
10/5/2017,14,30,5
10/6/2017,20,30,5
10/7/2017,8,30,5
10/8/2017,15,30,5
10/9/2017,8,30,5
10/10/2017,11,30,5
10/11/2017,21,30,5
10/12/2017,24,30,5
10/13/2017,19,30,5
10/14/2017,11,30,5
10/15/2017,3,30,5
10/16/2017,22,30,5
10/17/2017,20,30,5
10/18/2017,28,30,5
10/19/2017,22,30,5
10/20/2017,8,30,5
10/21/2017,15,30,5
10/22/2017,6,30,5
10/23/2017,14,30,5
10/24/2017,25,30,5
10/25/2017,25,30,5
10/26/2017,7,30,5
10/27/2017,12,30,5
10/28/2017,13,30,5
10/29/2017,14,30,5
10/30/2017,43,30,5
10/31/2017,45,30,5
11/1/2017,22,30,5
11/2/2017,26,30,5
11/3/2017,15,30,5
11/4/2017,10,30,5
11/5/2017,13,30,5
11/6/2017,12,30,5
11/7/2017,16,30,5
11/8/2017,30,30,5
11/9/2017,16,30,5
11/10/2017,17,30,5
11/11/2017,8,30,5
11/12/2017,12,30,5
11/13/2017,15,30,5
11/14/2017,20,30,5
11/15/2017,16,30,5
11/16/2017,16,30,5
11/17/2017,10,30,5
11/18/2017,5,30,5
11/19/2017,9,30,5
11/20/2017,20,30,5
11/21/2017,14,30,5
11/22/2017,3,30,5
11/23/2017,10,30,5
11/24/2017,11,30,5
11/25/2017,4,30,5
11/26/2017,12,30,5
11/27/2017,22,30,5
11/28/2017,8,30,5
11/29/2017,28,30,5
11/30/2017,17,30,5
12/1/2017,10,30,5
12/2/2017,4,30,5
12/3/2017,8,30,5
12/4/2017,12,30,5
12/5/2017,4,30,5
12/6/2017,17,30,5
12/7/2017,2,30,5
12/8/2017,6,30,5
12/9/2017,5,30,5
12/10/2017,8,30,5
12/11/2017,3,30,5
12/12/2017,8,30,5
12/13/2017,7,30,5
12/14/2017,4,30,5
12/15/2017,2,30,5
12/16/2017,1,30,5
12/17/2017,4,30,5
12/18/2017,6,30,5
12/19/2017,4,30,5
12/20/2017,6,30,5
12/21/2017,9,30,5
12/22/2017,8,30,5
12/23/2017,1,30,5
12/24/2017,0,30,5
12/25/2017,5,30,5
12/26/2017,14,30,5
12/27/2017,6,30,5
12/28/2017,3,30,5
12/29/2017,7,30,5
12/30/2017,5,30,5
12/31/2017,4,30,5
1/1/2018,3,30,5
1/2/2018,2,30,5
1/3/2018,11,30,5
1/4/2018,6,30,5
1/5/2018,8,30,5
1/6/2018,3,30,5
1/7/2018,4,30,5
1/8/2018,14,30,5
1/9/2018,10,30,5
1/10/2018,12,30,5
1/11/2018,6,30,5
1/12/2018,6,30,5
1/13/2018,6,30,5
1/14/2018,4,30,5
1/15/2018,15,30,5
1/16/2018,29,30,5
1/17/2018,12,30,5
1/18/2018,7,30,5
1/19/2018,15,30,5
1/20/2018,5,30,5
1/21/2018,17,30,5
1/22/2018,16,30,5
1/23/2018,26,30,5
1/24/2018,24,30,5
1/25/2018,19,30,5
1/26/2018,17,30,5
1/27/2018,11,30,5
1/28/2018,20,30,5
1/29/2018,22,30,5
1/30/2018,39,30,5
1/31/2018,29,30,5
2/1/2018,33,30,5
2/2/2018,16,30,5
2/3/2018,8,30,5
2/4/2018,12,30,5
2/5/2018,24,30,5
2/6/2018,15,30,5
2/7/2018,11,30,5
2/8/2018,16,30,5
2/9/2018,28,30,5
2/10/2018,14,30,5
2/11/2018,6,30,5
2/12/2018,28,30,5
2/13/2018,23,30,5
2/14/2018,17,30,5
2/15/2018,23,30,5
2/16/2018,19,30,5
2/17/2018,22,30,5
2/18/2018,30,30,5
2/19/2018,20,30,5
2/20/2018,25,30,5
2/21/2018,20,30,5
2/22/2018,22,30,5
2/23/2018,12,30,5
2/24/2018,11,30,5
2/25/2018,2,30,5
2/26/2018,17,30,5
2/27/2018,22,30,5
2/28/2018,18,30,5
3/1/2018,13,30,5
3/2/2018,19,30,5
3/3/2018,0,30,5
3/4/2018,8,30,5
3/5/2018,29,30,5
3/6/2018,31,30,5
3/7/2018,29,30,5
3/8/2018,15,30,5
3/9/2018,11,30,5
3/10/2018,10,30,5
3/11/2018,3,30,5
3/12/2018,10,30,5
3/13/2018,15,30,5
3/14/2018,13,30,5
3/15/2018,12,30,5
3/16/2018,17,30,5
3/17/2018,3,30,5
3/18/2018,12,30,5
3/19/2018,13,30,5
3/20/2018,11,30,5
3/21/2018,3,30,5
3/22/2018,11,30,5
3/23/2018,16,30,5
3/24/2018,6,30,5
3/25/2018,5,30,5
3/26/2018,15,30,5
3/27/2018,11,30,5
3/28/2018,16,30,5
3/29/2018,15,30,5
3/30/2018,3,30,5
3/31/2018,7,30,5
4/1/2018,4,30,5
4/2/2018,14,30,5
4/3/2018,23,30,5
4/4/2018,20,30,5
4/5/2018,22,30,5
4/6/2018,20,30,5
4/7/2018,16,30,5
4/8/2018,12,30,5
4/9/2018,17,30,5
4/10/2018,14,30,5
4/11/2018,4,30,5
4/12/2018,22,30,5
4/13/2018,21,30,5
4/14/2018,14,30,5
4/15/2018,14,30,5
4/16/2018,25,30,5
4/17/2018,18,30,5
4/18/2018,17,30,5
4/19/2018,20,30,5
4/20/2018,22,30,5
4/21/2018,22,30,5
4/22/2018,15,30,5
4/23/2018,13,30,5
4/24/2018,5,30,5
4/25/2018,15,30,5
4/26/2018,21,30,5
4/27/2018,12,30,5
4/28/2018,2,30,5
4/29/2018,6,30,5
4/30/2018,15,30,5
5/1/2018,9,30,5
5/2/2018,16,30,5
5/3/2018,9,30,5
5/4/2018,12,30,5
5/5/2018,9,30,5
5/6/2018,9,30,5
5/7/2018,8,30,5
5/8/2018,17,30,5
5/9/2018,18,30,5
5/10/2018,22,30,5
5/11/2018,6,30,5
5/12/2018,7,30,5
5/13/2018,9,30,5
5/14/2018,11,30,5
5/15/2018,21,30,5
5/16/2018,15,30,5
5/17/2018,12,30,5
5/18/2018,11,30,5
5/19/2018,12,30,5
5/20/2018,6,30,5
5/21/2018,12,30,5
5/22/2018,33,30,5
5/23/2018,54,30,5
5/24/2018,20,30,5
5/25/2018,13,30,5
5/26/2018,8,30,5
5/27/2018,6,30,5
5/28/2018,11,30,5
5/29/2018,6,30,5
5/30/2018,8,30,5
5/31/2018,13,30,5
6/1/2018,6,30,5
6/2/2018,2,30,5
6/3/2018,2,30,5
6/4/2018,4,30,5
6/5/2018,0,30,5
6/6/2018,0,30,5
6/7/2018,0,30,5
6/8/2018,0,30,5
6/9/2018,0,30,5
6/10/2018,0,30,5
6/11/2018,0,30,5
6/12/2018,0,30,5
6/13/2018,0,30,5
6/14/2018,0,30,5
6/15/2018,0,30,5
6/16/2018,0,30,5
6/17/2018,0,30,5
6/18/2018,0,30,5
6/19/2018,0,30,5
6/20/2018,0,30,5
6/21/2018,0,30,5
6/22/2018,0,30,5
6/23/2018,0,30,5
6/24/2018,0,30,5
6/25/2018,0,30,5
6/26/2018,0,30,5
6/27/2018,0,30,5
6/28/2018,0,30,5
6/29/2018,0,30,5
6/30/2018,0,30,5
